last_name, first_name,player_id,year,p_total_pa,p_strikeout,ff_avg_speed,ff_avg_spin,ff_avg_break_x,ff_avg_break_z,breaking_avg_speed,breaking_avg_spin,breaking_avg_break_x,breaking_avg_break_z,
Perez, Oliver,424144,2020,72,14,89.5,2152,11.6,-18.6,76.1,2193,-9.8,-48.4,
Wainwright, Adam,425794,2020,262,54,89.2,2218,-2.3,-19.5,73.5,2791,16.8,-65.5,
Greinke, Zack,425844,2020,273,67,88.1,2329,-1.2,-17.8,77.7,2425,8.5,-49.1,
Petit, Yusmeiro,433589,2020,88,17,88.1,2134,-4.9,-17.3,74.3,2000,13,-50.4,
Sanchez, Anibal,434671,2020,245,43,89.2,2148,-5.3,-17.5,76.3,2027,4,-48.6,
Rondon, Hector,444468,2020,97,23,95.7,2045,-8.1,-14.8,85.4,2290,5.7,-37.7,
Kintzler, Brandon,445213,2020,101,14,92,1903,-9.4,-19.8,84.6,2322,1.1,-35.7,
Jansen, Kenley,445276,2020,102,33,,,,,81.6,2334,6.9,-45.4,
Chavez, Jesse,445926,2020,77,13,91,2180,-12,-20.8,83.3,2268,5.3,-37.9,
Detwiler, Ross,446321,2020,81,15,91.9,2303,11.1,-16.2,82.7,2185,-1.5,-40.7,
Hill, Rich,448179,2020,156,31,87.8,2393,9.7,-16.7,72.6,2842,-19.3,-64.8,
Guerra, Junior,448855,2020,103,21,93.9,2495,-4.8,-12.8,81.8,2720,5.6,-50.2,
Morton, Charlie,450203,2020,170,42,93.4,2349,-10.3,-17,78.2,2887,17.9,-54.1,
Lester, Jon,452657,2020,265,42,89.4,2217,7.4,-18.6,73.4,2569,-10.6,-55.6,
Hughes, Jared,453172,2020,109,21,92.2,2136,-9,-22.7,80.8,2050,13.4,-37.8,
Kennedy, Ian,453178,2020,69,15,93.6,2466,-10,-15.3,80.5,2568,9.2,-54.1,
Miller, Andrew,453192,2020,55,16,89.6,2124,5.4,-20.4,80.1,2605,-12.7,-42.7,
Watson, Tony,453265,2020,73,15,89.9,2344,11.1,-24.6,81.2,2302,-2.9,-39.4,
Bard, Daniel,453268,2020,106,27,97.1,2712,-8.2,-17.6,87.6,2815,6.2,-34,
LeBlanc, Wade,453281,2020,103,13,86.8,1968,8.9,-20.7,72.9,2269,-13.2,-57.1,
Parker, Blake,453284,2020,69,25,90.6,1999,-2.9,-16.3,76.1,2159,5.3,-58.4,
Scherzer, Max,453286,2020,295,92,94.7,2472,-10.5,-15,82.8,2512,7.4,-41.4,
Melancon, Mark,453343,2020,95,14,91.6,2325,-5.8,-20.2,81.8,2647,3.8,-55.8,
Arrieta, Jake,453562,2020,190,32,91.9,2249,-6.7,-18.5,87.1,2310,5.7,-33.2,
Martin, Chris,455119,2020,66,20,93.6,2186,-4.9,-17.2,82.6,2543,14.5,-44.4,
Cueto, Johnny,456501,2020,277,56,91.4,2222,-10.5,-17.9,82.1,2301,2.5,-37.8,
Guerra, Javy,457915,2020,70,13,91.8,2202,-2.9,-12.6,83.5,2309,5.3,-37.6,
Happ, J.A.,457918,2020,196,42,91.6,2371,7.8,-15.1,84,2256,-2.7,-34.2,
Lindblom, Josh,458676,2020,191,52,90.1,2551,-5.1,-16.7,74.1,2509,16.2,-55,
Wilson, Justin,458677,2020,86,23,94.9,2281,6.3,-11.5,81.1,2643,-6.1,-49.6,
Lynn, Lance,458681,2020,344,89,94,2492,-6.7,-15.4,83.9,2618,4.4,-42.7,
Tomlin, Josh,458708,2020,163,36,88.3,2294,-8.8,-17.7,76.4,2720,4.3,-52.5,
McGee, Jake,459429,2020,79,33,94.9,2273,11.2,-15.1,82.5,2025,-3.3,-39.6,
Clippard, Tyler,461325,2020,98,26,89.5,2364,-6.6,-14.6,75.1,2322,6.1,-59.4,
Gonzalez, Gio,461829,2020,153,34,90,2206,7.6,-18,77.2,2688,-11.3,-59.5,
Soria, Joakim,465657,2020,96,24,92.4,2281,-5.9,-14.8,76.1,2732,14.3,-56.7,
Nova, Ivan,467100,2020,88,9,92.3,2277,-10.9,-21.3,79.6,2213,4.5,-48.4,
Carrasco, Carlos,471911,2020,280,82,93.8,2470,-8.8,-15.8,85.5,2828,5,-38.1,
Anderson, Brett,474463,2020,202,32,90.2,2139,8.8,-17.8,79.2,2469,-4.6,-52.9,
Phelps, David,475479,2020,85,31,94.2,2397,-8.5,-14.4,81.6,2602,7.1,-51.4,
Betances, Dellin,476454,2020,59,11,93.6,2194,-3.4,-19.6,83.3,2510,10.4,-41,
Stock, Robert,476594,2020,62,14,96.8,2218,-11.1,-15.1,84.6,2734,7.9,-41.6,
Kershaw, Clayton,477132,2020,221,62,91.6,2484,-0.5,-13.2,83.5,2633,-4.5,-39.7,
Hunter, Tommy,488984,2020,102,25,92.7,2472,-6,-16.6,82.3,2873,13.1,-46.2,
Miley, Wade,489119,2020,67,12,90.2,2316,1.6,-18.3,75.8,2482,-8.4,-59,
Romo, Sergio,489265,2020,87,23,85.8,2354,-14.3,-25.1,76,2913,15.7,-40.3,
Stammen, Craig,489334,2020,105,20,91.4,1989,-9.8,-25.7,85.4,2293,3.5,-37.7,
Valdez, Cesar,491624,2020,53,12,85.2,2316,-14.9,-26.8,77.6,2433,9.9,-47.3,
Ottavino, Adam,493603,2020,85,25,92.8,2433,-7.4,-18.5,81,2862,17.9,-40.2,
Pineda, Michael,501381,2020,111,25,92.1,1942,-7.2,-17.5,82.4,2019,0.5,-39.9,
Harris, Will,501789,2020,84,21,91.3,2424,-1.2,-21.2,80.8,2564,11,-56.5,
Minor, Mike,501985,2020,239,62,90.6,2587,1.2,-19.1,84.3,2737,-6.4,-39.9,
Jeffress, Jeremy,502026,2020,88,17,93.3,2165,-7.8,-16.8,80.5,2399,8.3,-47.1,
Gibson, Kyle,502043,2020,301,58,92.4,2266,-5.7,-15.8,81.9,2462,5.6,-43.4,
Britton, Zack,502154,2020,76,16,,,,,81.1,2555,-9.8,-47.7,
Cobb, Alex,502171,2020,226,38,92.9,2098,-6.8,-15.3,81.7,2579,4,-53.3,
Samardzija, Jeff,502188,2020,77,6,90.3,2557,-11.9,-17.9,83.8,2586,-2.1,-31.2,
Boxberger, Brad,502202,2020,79,18,92.5,2483,-5.7,-14.1,88,2432,4.8,-26.6,
Cahill, Trevor,502239,2020,106,31,90.8,2197,-8.4,-20.9,78.5,2982,11,-56.2,
Anderson, Chase,502624,2020,154,38,92.4,2186,-6.3,-14.4,77.2,2102,6.3,-61.2,
Holland, Derek,502706,2020,179,45,92.1,2380,11.9,-16.7,80.7,2227,-0.4,-39.9,
O'Day, Darren,503285,2020,67,22,86,2315,-11.2,-27.2,78.3,2267,7.9,-43.1,
Dolis, Rafael,503569,2020,100,31,94.3,2315,-5.3,-13,84,2472,6.7,-40.9,
Darvish, Yu,506433,2020,297,93,95.9,2582,-6.2,-11.4,80.2,2764,12.7,-49.6,
Colome, Alex,517008,2020,90,16,94.4,2117,-2.5,-13.5,,,,,
Alexander, Scott,518397,2020,52,9,92.8,2175,9.1,-27.1,87.9,2232,-0.3,-30.5,
Brasier, Ryan,518489,2020,110,30,96.2,2253,-7.4,-13.1,86.2,2426,6.4,-35.3,
Bumgarner, Madison,518516,2020,190,30,88.4,2395,6.2,-17.9,76.9,2493,-11.1,-48.5,
Cishek, Steve,518553,2020,93,21,89.2,2354,-6.4,-23.8,78.2,2342,12.9,-47.5,
Diekman, Jake,518617,2020,84,31,95.1,2254,13.2,-17.2,82.5,2763,-14,-39.7,
Duffy, Danny,518633,2020,242,57,92.2,2173,6,-13.9,79.4,2351,-6.2,-50.1,
Harvey, Matt,518774,2020,65,10,94,2139,-12.4,-18.4,84.9,2312,3.3,-39.3,
Holland, Greg,518813,2020,112,31,92.9,2313,-0.5,-14.7,84.5,2214,4.8,-38.7,
Jones, Nate,518858,2020,86,23,95.5,2453,-3.7,-13.5,88,2339,1,-30.5,
Kelly, Merrill,518876,2020,125,29,92.1,2436,-6.1,-16.2,81.2,2614,9.3,-52.7,
Kimbrel, Craig,518886,2020,69,28,96.9,2266,-10.7,-15,86,2542,11,-43.7,
McFarland, T.J.,519008,2020,92,9,,,,,78.3,2234,-7.4,-47.3,
Pomeranz, Drew,519141,2020,73,29,94.6,2474,4.1,-12,84.1,2114,-4,-51,
Porcello, Rick,519144,2020,261,54,91.6,2299,-7.8,-16.3,84.6,2393,3.8,-32.7,
Pressly, Ryan,519151,2020,91,29,94.6,2533,-0.2,-14.6,86.3,2924,8,-40.8,
Smith, Will,519293,2020,62,18,92.6,2260,6.5,-15.7,81,2302,-7.7,-40.6,
Walden, Marcus,519393,2020,71,10,92.4,2056,-1.6,-22,84.7,2199,7.9,-38.1,
Workman, Brandon,519443,2020,101,23,92.5,2114,-3.4,-14.5,79.2,2583,7.3,-59.5,
Baez, Pedro,520980,2020,70,13,94.4,2226,-5.8,-12.9,87.1,1683,1.7,-30.5,
Hendriks, Liam,521230,2020,92,37,96,2445,-8.1,-10.1,86.1,2200,1.9,-37.7,
Font, Wilmer,521655,2020,85,15,95,2274,-6.4,-13.3,82.6,2322,6.4,-41.4,
Perez, Martin,527048,2020,262,46,92.2,2049,10.7,-17.2,77.7,2521,-5.5,-50.4,
Teheran, Julio,527054,2020,149,20,89.2,2330,-7.9,-20.9,78,2618,6.6,-44.4,
Castellanos, Humberto,528748,2020,51,12,90.2,2065,-8.2,-21,80.6,2148,4.7,-41,
Shoemaker, Matt,533167,2020,115,26,92.1,2240,-8.3,-15.5,80.2,2042,6.5,-41.9,
Hahn, Jesse,534910,2020,65,19,95.8,2150,-13.7,-19.5,79.2,3125,15.3,-57.4,
Ramirez, Erasmo,541640,2020,53,9,90.9,2171,-9.3,-18.2,79.7,2414,5.6,-45,
Cisnero, Jose,542585,2020,123,34,96.3,2412,-10.1,-14.8,86.7,2508,4.3,-35.7,
Anderson, Tyler,542881,2020,260,41,90.3,2304,7.8,-14.6,71.9,2334,-2.9,-65.6,
Andriese, Matt,542882,2020,126,33,91.9,2320,-8.1,-15.7,80,2710,5.3,-55.9,
Armstrong, Shawn,542888,2020,57,14,93.6,2479,-4.5,-13.5,82,2839,12.7,-46.5,
Bass, Anthony,542914,2020,100,21,91.8,2146,-3.7,-13.9,85.8,2264,4.8,-37.5,
Bleier, Richard,542947,2020,67,11,90,2097,8.4,-21.6,78.7,1920,-5.1,-45.5,
Brach, Brad,542960,2020,58,14,90.3,2183,-6.1,-19.3,81.1,2514,7.5,-41,
Chatwood, Tyler,543022,2020,86,25,94.7,2483,-3,-16.9,80.3,2977,9.8,-54.2,
Cole, Gerrit,543037,2020,288,94,96.7,2505,-12.2,-11.5,86.5,2672,6.9,-39.2,
DeSclafani, Anthony,543101,2020,158,25,94.8,2225,-7.6,-14.1,85.1,2123,4.8,-40.6,
Eovaldi, Nathan,543135,2020,199,52,97.3,2121,-10.9,-14.9,79.6,2110,8.6,-50.9,
Gray, Sonny,543243,2020,235,72,93,2521,-2,-16.1,81.6,2906,15.8,-51.2,
Hand, Brad,543272,2020,86,29,91.4,2453,11.9,-17.7,79.5,2384,-15.8,-44.6,
Hendricks, Kyle,543294,2020,315,64,87.4,1972,-5.7,-20.7,72.1,2810,14.3,-66.3,
Hudson, Daniel,543339,2020,92,28,96.4,2341,-9.8,-12.6,84.9,2476,3.3,-37.3,
Lyles, Jordan,543475,2020,266,36,92.3,2145,-7.7,-14.5,81.5,2459,5.7,-50.7,
May, Trevor,543507,2020,96,38,96.3,2397,-7.1,-12.8,85.3,2506,4.8,-40.7,
Milone, Tommy,543548,2020,181,40,86.1,2191,8.2,-18.3,78.3,2290,-3.8,-41.3,
Odorizzi, Jake,543606,2020,60,12,93,2238,-11,-16,82.3,2090,6.1,-39.9,
Roark, Tanner,543699,2020,220,41,90.7,2080,-3.9,-15.3,79.2,2445,6.9,-47.1,
Turley, Nik,543867,2020,92,20,94.2,2536,6.7,-15,76.6,2815,-12.2,-63.1,
Vincent, Nick,543883,2020,92,17,89.1,2336,-5.2,-17.5,82.8,2467,5.4,-36.7,
Weber, Ryan,543901,2020,185,27,87.3,2114,-9.2,-28.2,76.8,2309,17.3,-53.8,
Familia, Jeurys,544727,2020,120,23,97.2,2298,-11.5,-15.1,89.6,2317,-0.8,-26.9,
Diaz, Jairo,545064,2020,106,17,95.2,2170,-3.8,-17.1,85.2,2350,1.7,-40.2,
Bauer, Trevor,545333,2020,278,100,93.5,2776,-9.1,-11.6,80.2,2939,13.3,-54.2,
Lorenzen, Michael,547179,2020,147,35,96.8,2536,-10.9,-12.7,84.3,2504,7.6,-43.6,
Tanaka, Masahiro,547888,2020,197,44,92.3,2235,-9.4,-15.3,82.8,2295,3.5,-38,
Kim, Kwang Hyun,547942,2020,154,24,89.9,2157,0.4,-18.3,79.7,2145,-5.2,-43.7,
Ryu, Hyun Jin,547943,2020,275,72,89.8,1996,9.6,-20.4,72.4,2539,-13.1,-66.5,
Raley, Brooks,548384,2020,84,27,90.1,2405,5.6,-19.4,80.6,2878,-14.7,-41.1,
Stripling, Ross,548389,2020,220,40,91.7,2275,-5.1,-14.3,81.4,2594,4.4,-50.2,
Garcia, Yimi,554340,2020,60,19,94.4,2569,-6.7,-18,86.3,2616,6.7,-34.9,
Wheeler, Zack,554430,2020,288,53,96.9,2336,-5.8,-15,86,2485,6.8,-40.6,
Matzek, Tyler,554431,2020,121,43,94.3,2356,3.7,-13,81.9,2943,-8.1,-49.1,
Pena, Felix,570240,2020,115,29,93.9,2133,-12.3,-17.7,84.8,2472,-2,-35.3,
Rodriguez, Joely,570257,2020,52,17,94.2,2091,13.4,-20.4,87.8,2126,-0.8,-34.5,
Valdez, Phillips,570488,2020,137,30,,,,,81.5,2428,5.7,-42.8,
Urena, Jose,570632,2020,104,15,95.6,2161,-9.9,-16.4,85.6,2375,2,-32.8,
Robles, Hansel,570663,2020,80,20,95.4,2320,-12,-13.9,88.8,2325,-1.4,-29.7,
Cessa, Luis,570666,2020,93,17,93.7,2289,-6.4,-14.8,83.6,2514,3.3,-40.4,
Boyd, Matthew,571510,2020,271,60,91.7,2305,11.2,-18.3,78,2369,-5.7,-51.3,
Corbin, Patrick,571578,2020,295,60,90.2,2158,8,-18.3,78.5,2222,-3.7,-43.9,
Farmer, Buck,571656,2020,89,14,93.2,2276,-11.5,-16,81.7,2761,2.3,-40.6,
Fiers, Mike,571666,2020,257,37,88,2157,-10.6,-18.4,80.9,2396,3.6,-38.8,
Floro, Dylan,571670,2020,98,19,93.3,2238,-11.1,-19.9,88,2098,0.4,-28.1,
Givens, Mychal,571710,2020,93,25,94.7,2416,-9.4,-17.9,84.9,2531,5.1,-33.4,
Hale, David,571735,2020,75,14,92.8,2279,-7.1,-18.5,81.6,2293,6.2,-43.8,
Heaney, Andrew,571760,2020,279,70,91.5,2436,13.8,-17.1,79.2,2550,-5.7,-47.1,
Loup, Aaron,571901,2020,96,22,,,,,77.6,2542,-16.4,-46.6,
Matz, Steven,571927,2020,142,36,,,,,80.5,2360,-10.3,-49.1,
Milner, Hoby,571948,2020,59,13,,,,,78.1,1821,-15.5,-45.5,
Paxton, James,572020,2020,90,26,92.1,2226,14.1,-18.3,79.7,2120,-5.2,-50.3,
Richards, Garrett,572070,2020,213,46,95.1,2626,0.3,-19.5,87.1,2960,4.2,-41.8,
Rosenthal, Trevor,572096,2020,91,38,97.9,2454,-5.7,-10.5,87.5,2395,5.2,-35.9,
Selman, Sam,572125,2020,82,23,91.2,2476,2.8,-17,80,2572,-12.8,-41.1,
Tepera, Ryan,572193,2020,89,31,93.5,2299,-7.7,-14.4,82.3,2357,4.7,-42.5,
Erlin, Robbie,572362,2020,122,25,89.3,2262,8.4,-17.4,75.9,2590,-7.1,-63.2,
Greene, Shane,572888,2020,109,21,92.8,2293,-7.7,-17.4,80.5,2504,14.6,-37.8,
Johnson, Pierce,572955,2020,80,27,95.5,2130,-6.1,-18.5,84.8,2969,12.9,-43.1,
Keuchel, Dallas,572971,2020,257,42,88.3,2218,2.7,-21.5,75.8,2280,-7.9,-48.3,
Rogers, Taylor,573124,2020,91,24,94.4,2166,12.8,-17,81,2614,-13.5,-41.1,
Thielbar, Caleb,573204,2020,82,22,89.8,2421,1.5,-14.3,72.2,2535,-10,-65.3,
Kikuchi, Yusei,579328,2020,194,47,95,2178,6.5,-12.1,83.3,2347,-1.6,-40.7,
Goody, Nick,580792,2020,55,13,91.6,2196,-8.1,-15,81.5,2329,7.2,-38.6,
Adam, Jason,592094,2020,58,21,94.8,2728,-7.3,-15,81.4,2832,9.1,-51.3,
Bedrosian, Cam,592135,2020,58,11,92.2,2357,-4.7,-12.5,81.2,2536,4.8,-48.7,
Brice, Austin,592169,2020,87,25,93.8,2251,-15.9,-23.2,81.7,2692,8,-41.2,
Claudio, Alex,592222,2020,81,15,85.8,2014,17.4,-33.2,76.4,2227,-6.5,-45.7,
Covey, Dylan,592229,2020,60,11,92.1,1927,-1.5,-21.4,84.9,2206,4.3,-37.2,
Crichton, Stefan,592233,2020,109,23,91.9,1930,-12,-22.4,77.8,2584,13.3,-52.9,
Gausman, Kevin,592332,2020,245,79,95.1,2313,-10.4,-14.2,81.9,2353,2.5,-40.7,
Gonzalez, Chi Chi,592346,2020,91,16,92.2,2362,-2.2,-21,81.3,2514,4.1,-42.1,
Gray, Jon,592351,2020,174,22,94,2148,-11.2,-19.6,84.4,2418,4.4,-36.4,
Hembree, Heath,592390,2020,90,20,93.9,2501,-10.4,-14,86.1,2728,5.2,-33.7,
Jackson, Luke,592426,2020,132,20,94.4,2249,-8,-12.3,85.4,2463,3.5,-45.2,
Kickham, Mike,592464,2020,70,17,89.4,2352,3.1,-22.7,82.8,2423,-8.1,-40.1,
Kolarek, Adam,592473,2020,72,13,91.2,2166,12.1,-19.6,77.6,1877,-5,-37.9,
Osich, Josh,592612,2020,86,24,92.3,2272,3.6,-22.3,76.9,2208,-1.6,-51.9,
Plutko, Adam,592644,2020,116,15,91,2293,-4.1,-15.1,77.7,2891,10.6,-53.8,
Ray, Robbie,592662,2020,251,68,93.9,2420,9.6,-14.2,85.5,2309,-0.3,-33.6,
Shreve, Chasen,592741,2020,102,34,91.7,2399,10.4,-14.6,79.8,2377,-6.1,-49.8,
Smith, Caleb,592761,2020,60,15,92.1,2498,10.3,-13.6,82.1,2564,-4,-39.2,
Smyly, Drew,592767,2020,111,42,93.8,2249,5.7,-12.8,80,2153,3.4,-46,
Velasquez, Vince,592826,2020,154,46,93.7,2435,-5.4,-12.1,84.4,2433,5.2,-42.6,
Walker, Taijuan,592836,2020,225,50,93.2,2143,-6.8,-13.2,81.8,2441,6.3,-43.7,
Wick, Rowan,592858,2020,74,20,94.9,2346,-1,-12,76.7,2718,6.7,-65,
Williams, Taylor,592865,2020,67,20,95,2308,-11.6,-19.4,85.9,2474,0.5,-35.4,
Williams, Trevor,592866,2020,252,49,91.5,2277,-3.6,-19.2,81.7,2287,7.5,-41.9,
Wojciechowski, Asher,592879,2020,168,31,90.9,2145,-5.5,-14.8,81.5,2334,10.5,-39.9,
Rodriguez, Richard,593144,2020,93,34,92.9,2543,-13.1,-15.9,81.3,2408,6.9,-46.6,
Martinez, Carlos,593372,2020,104,17,93.3,2133,-8.2,-18.4,82.7,2199,11.8,-38.7,
Montas, Frankie,593423,2020,237,60,95.9,2384,-7.6,-12,86.1,2499,5.9,-35.1,
Neris, Hector,593576,2020,103,27,93.8,2352,-10.1,-15.4,,,,,
Suero, Wander,593833,2020,102,28,,,,,77,2865,12.8,-59.2,
Peralta, Wandy,593974,2020,114,25,94.8,2185,9.4,-15.8,87.5,2284,-1.4,-31,
Mayers, Mike,594577,2020,121,43,94.2,2372,-10.3,-14.4,84.8,2139,3.5,-38.1,
Dayton, Grant,594795,2020,117,32,90.6,2223,8.3,-15.5,75.9,2441,-6.3,-60.8,
deGrom, Jacob,594798,2020,268,104,98.6,2477,-6.9,-11.4,91.9,2570,3.9,-27.8,
Gonzales, Marco,594835,2020,277,64,,,,,75.3,2294,-8.9,-62.1,
Ponce de Leon, Daniel,594965,2020,143,45,93.1,2354,-9.3,-13,77.6,2671,8.2,-61.8,
Ryan, Kyle,594986,2020,66,11,88.8,1981,3.3,-23.5,78,2244,-10.4,-49.4,
Sadler, Casey,594987,2020,86,21,93.1,2437,-7.5,-15.4,80.7,2930,10.7,-50,
Smith, Josh A.,595001,2020,121,18,90.4,2325,-3.3,-17.3,82.6,2713,10.4,-39.8,
Treinen, Blake,595014,2020,107,22,97.1,2413,-10.8,-16.2,88.4,2588,3.4,-37.8,
Winkler, Dan,595465,2020,76,18,92.9,2532,-4.5,-17.5,82,2484,9.1,-41.9,
Cole, A.J.,595918,2020,95,20,93.4,2331,-8.3,-14.3,83.2,2283,1.9,-33.9,
Curtiss, John,595928,2020,99,25,94,2309,-5.9,-14,85.2,2568,5.3,-36,
Junis, Jakob,596001,2020,114,19,91.1,2097,-4.4,-18.5,80.1,2435,16.3,-45.7,
Mengden, Daniel,596043,2020,58,10,90,2218,-9.5,-14.6,73,2573,11.7,-67.5,
Norris, Daniel,596057,2020,116,28,92.6,2444,5.2,-16.1,85.3,2571,-4.7,-37.6,
Weaver, Luke,596133,2020,236,55,94,2467,-7.4,-12.7,79,2273,3.4,-53,
Gomber, Austin,596295,2020,119,27,92.5,2151,5.6,-13.3,80.1,2407,-5.4,-52.2,
Neverauskas, Dovydas,596720,2020,89,23,94.7,2269,-7.6,-12.2,82.1,2926,6.3,-53.2,
Barnes, Matt,598264,2020,102,31,95.6,2315,-10.9,-13.2,84.6,2170,3.7,-48.6,
Ramirez, Noe,598287,2020,85,14,88.7,2183,-9.8,-22.1,76.8,2584,11.5,-48.7,
Pivetta, Nick,601713,2020,71,17,92.8,2332,-7.9,-12.4,82.3,2492,7.5,-46.4,
Barlow, Scott,605130,2020,125,39,94.9,2311,-5.9,-15,81.6,2421,10.3,-45.9,
Bassitt, Chris,605135,2020,261,55,93.3,2160,-7.8,-16.5,71,2206,12.5,-66.9,
Benjamin, Wes,605138,2020,98,21,90.9,2366,8.3,-13.5,78.6,2585,-6.4,-57.5,
Bradley, Archie,605151,2020,73,18,94.2,2214,-8.9,-14.2,80,1933,3.5,-52.2,
Brewer, Colten,605155,2020,122,25,93.9,2146,-5.2,-20.1,84,2701,8.2,-45.9,
Bundy, Dylan,605164,2020,267,72,90,2422,-4.9,-14.8,77.9,2478,5.5,-50.1,
Clevinger, Mike,605182,2020,162,40,95.1,2349,-7,-12.5,80.9,2418,10.6,-44.7,
Davies, Zach,605200,2020,276,63,,,,,74.5,2509,9.6,-60.8,
Fry, Jace,605240,2020,83,24,90.7,2282,7.4,-17.9,76.4,2156,-6.4,-59.1,
Fulmer, Michael,605242,2020,136,20,93.2,2170,-5.3,-15.6,85.9,2360,6,-33.9,
Houser, Adrian,605288,2020,246,44,93.8,2166,-6.8,-15.7,83.1,2135,5.1,-45.6,
Lopez, Jorge,605347,2020,174,28,94,1910,-9.4,-16.4,81.1,2339,7.2,-53.1,
Marshall, Evan,605359,2020,93,30,92.8,2334,-10.8,-18.3,82.1,2710,8.3,-49.9,
Morgan, Adam,605388,2020,58,16,91.7,2273,12,-17.4,81.1,2766,-8.4,-38.3,
Musgrove, Joe,605397,2020,166,55,92.6,2451,-5.6,-19.1,81.8,2692,12.2,-47.6,
Nola, Aaron,605400,2020,289,96,92.8,2184,-13.9,-18.1,78.6,2499,15.1,-54.8,
Romano, Jordan,605447,2020,57,21,96.5,2331,-5.8,-12.1,89.1,2225,3.5,-34.1,
Sneed, Cy,605482,2020,83,21,,,,,81.1,2351,9,-45.4,
Snell, Blake,605483,2020,203,63,95,2404,5.7,-11.9,83.8,2454,-6.7,-42.5,
Springs, Jeffrey,605488,2020,99,28,,,,,83,2177,-4.2,-40.9,
Tarpley, Stephen,605501,2020,53,11,91.6,2163,5.8,-20.2,78.8,2382,-12.6,-41.5,
Turnbull, Spencer,605513,2020,242,51,93.7,2500,-2.2,-19.8,84.4,2555,7.3,-41.3,
Wendelken, J.B.,605525,2020,106,31,94.6,2442,-3.2,-15.9,84.2,2548,7.3,-42.8,
Wisler, Matt,605538,2020,107,35,91.9,2098,-8.8,-15.8,81.3,2549,11.1,-42.7,
Woodruff, Brandon,605540,2020,293,91,96.6,2457,-6.6,-12.1,86.4,2555,3.3,-39.8,
Perdomo, Luis,606131,2020,74,16,93.7,1919,-11,-20.8,86.3,2335,1,-37.7,
Gallegos, Giovanny,606149,2020,57,21,93.7,2385,-9.9,-14,85.4,2407,2.3,-37.3,
Montero, Rafael,606160,2020,72,19,95.8,2284,-8.6,-14.7,85.7,2350,7.6,-34.9,
Garcia, Jarlin,606424,2020,73,14,93.7,2187,15.3,-19.4,83.5,2324,-6.6,-38.8,
Barnes, Jacob,606930,2020,78,24,95.2,2377,-3.3,-11.8,,,,,
Hart, Kyle,606996,2020,67,13,88.7,2104,5.5,-17.4,81.7,2183,-5.9,-39.7,
Rea, Colin,607067,2020,62,10,93.1,2247,-7.6,-17.3,80.5,2332,8,-51.3,
Weems, Jordan,607179,2020,58,18,95.3,2221,-7.4,-11.6,85.8,2272,6.3,-34.8,
Glasnow, Tyler,607192,2020,238,91,96.9,2409,-0.6,-11.7,82.4,2939,6.5,-58.5,
Fedde, Erick,607200,2020,222,28,93.3,1792,-5.3,-22.5,79.5,2273,12.2,-44.6,
Gsellman, Robert,607229,2020,71,9,93.8,2190,-8.5,-15.1,86.9,2433,2.3,-33.3,
Gant, John,607231,2020,61,18,94,2485,-10.8,-15.1,80.7,2594,4.7,-49.1,
Garrett, Amir,607237,2020,69,26,94.8,2217,11.2,-16.3,85,1841,-0.3,-34.5,
Tropeano, Nick,607374,2020,66,19,90.9,2250,-13.9,-18.7,78.6,2268,2,-44.7,
Mazza, Chris,607391,2020,136,29,92.4,2080,-8.3,-20.9,82.2,2388,7.8,-40.4,
Freeland, Kyle,607536,2020,304,46,92.1,2438,7.2,-18,83.6,2460,-2.9,-39.7,
Harper, Ryne,607560,2020,110,25,88.4,1830,0,-23.9,73.7,2255,12.6,-57.8,
Howard, Sam,607572,2020,90,27,92,2431,9.7,-14.3,84.6,2468,-2,-32.5,
Lugo, Seth,607625,2020,160,47,93.5,2241,-8.1,-14.4,82.5,2833,8.2,-48,
Means, John,607644,2020,176,42,93.8,2458,6.4,-11.8,82.4,2402,-9.4,-43.3,
Estevez, Carlos,608032,2020,116,27,96.9,2168,-8.7,-13.9,86.9,2309,5.1,-36.1,
Fried, Max,608331,2020,224,50,93.1,2120,1.4,-20,79,2643,-11.5,-53.9,
Funkhouser, Kyle,608335,2020,81,12,95.2,1995,-8.1,-17.8,86.3,2471,4.5,-36.8,
Giolito, Lucas,608337,2020,288,97,94,2349,-7.1,-12.5,84.4,2120,3.6,-35.9,
Knebel, Corey,608349,2020,62,15,94.3,2396,-3.9,-13.1,78.1,2721,13.1,-61.3,
Sims, Lucas,608371,2020,103,34,93.9,2771,-7.2,-12.8,82.1,3071,14.5,-44,
Wacha, Michael,608379,2020,156,37,93.6,2127,-7.9,-14.5,75.3,2195,12.8,-55.6,
Marquez, German,608566,2020,344,73,95.9,2157,-6.8,-16.1,86.5,2592,2.4,-36.7,
Duffey, Tyler,608648,2020,92,31,92.6,2291,-7,-16.1,83.5,2442,2.4,-48.1,
Graveman, Kendall,608665,2020,77,15,94.1,2422,-7.3,-14.6,81.9,2579,9.4,-44.6,
Stratton, Chris,608717,2020,131,39,93.2,2627,-4.3,-15.8,84.2,2967,9.4,-41.3,
Suter, Brent,608718,2020,129,38,85.4,2161,-3.8,-25.1,73.2,2229,-10.7,-58.2,
Voth, Austin,608723,2020,225,44,92,2246,-6.2,-15.7,78.3,2811,13.5,-49,
Castro, Miguel,612434,2020,115,38,,,,,86.8,2933,6.8,-34.1,
Quantrill, Cal,615698,2020,135,31,95,2196,-7.1,-15.7,86.1,2430,3.2,-37.2,
Reyes, Alex,621052,2020,86,27,97.5,2546,-6.2,-10.4,84.5,2825,7.5,-47.9,
Lail, Brady,621078,2020,71,12,90.1,2420,-5.1,-15,81.7,2494,5.6,-41.9,
Waguespack, Jacob,621097,2020,90,16,92.5,1990,-2,-14.5,75.8,2132,3,-55,
Eflin, Zach,621107,2020,245,70,94.3,2160,-10.8,-17.1,84.8,2259,5.4,-37.4,
Buehler, Walker,621111,2020,147,42,96.8,2546,-5.2,-9.9,83.7,3013,11.5,-49,
McCullers Jr., Lance,621121,2020,227,56,93,2056,-9.1,-19.5,83.4,2787,11.7,-50.2,
Cody, Kyle,621129,2020,92,18,94.2,2158,-7.7,-13.5,83.2,2527,4.3,-45,
Lockett, Walker,621141,2020,73,11,92.8,2259,-7.3,-23.5,80.9,2645,8.5,-47.9,
Buttrey, Ty,621142,2020,112,18,96.1,2232,-13.3,-16.5,82.2,1912,0.6,-42.9,
Mills, Alec,621219,2020,252,46,89.8,2185,-9.6,-20,71,2460,14.3,-62.7,
Diaz, Edwin,621242,2020,110,50,97.8,2359,-14.4,-15.6,89.6,2319,1.2,-29.3,
Berrios, Jose,621244,2020,271,68,94.5,2192,-10.9,-15.5,83.4,2354,14.7,-42,
Underwood Jr., Duane,621249,2020,88,27,94.5,2148,-7.8,-15.7,81.6,2299,7.1,-49.6,
Oswalt, Corey,621261,2020,55,11,92.1,2161,-11.2,-16.6,87.4,2166,-1.5,-31,
Bacus, Dakota,621290,2020,57,7,,,,,84.6,2586,4.1,-37.6,
Wittgren, Nick,621295,2020,98,28,92.9,2221,-9.8,-15.4,85.3,2493,4.7,-37.6,
Minter, A.J.,621345,2020,85,24,95.5,2320,8,-13.2,,,,,
Borucki, Ryan,621366,2020,73,21,,,,,86.6,2315,-3.3,-32.6,
Hearn, Taylor,621368,2020,76,23,94.9,2289,5.7,-12.7,83.7,2186,-5.8,-34.4,
Strahm, Matt,621381,2020,83,15,92.9,2357,14.5,-19.8,83.2,2524,-5.3,-37,
Young, Alex,622065,2020,204,39,91.2,2292,9.6,-17.4,81.6,2402,-2.7,-43.1,
Wood, Alex,622072,2020,65,15,91,2225,9.8,-18.6,84.6,2240,0.6,-38.1,
Almonte, Yency,622075,2020,113,23,94.8,2122,-7.8,-18.6,84.4,2316,5,-39,
Antone, Tejay,622088,2020,141,45,,,,,82.5,2758,9.8,-44,
Zimmer, Kyle,622092,2020,91,26,94.1,2170,-0.3,-15.7,81.2,2035,2.8,-43.7,
Staumont, Josh,622251,2020,112,37,98,2387,-4,-10,82.1,2923,9.4,-56,
Tate, Dillon,622253,2020,64,14,95.2,2056,-10.2,-16.9,85.5,2424,2.7,-33.6,
Castillo, Luis,622491,2020,292,89,97.4,2188,-11,-16.5,86.8,2489,0,-35.8,
Senzatela, Antonio,622608,2020,303,41,94.3,2144,-5.9,-20,84.5,2213,5.8,-38.7,
Hernandez, Elieser,622694,2020,106,34,91.3,2265,-7.3,-14.9,79.1,2265,11.9,-33,
Cordero, Jimmy,622772,2020,124,22,97.1,2131,-5.1,-15.9,86.5,2183,2,-39.2,
Hader, Josh,623352,2020,78,31,94.5,2063,9.9,-13.6,80.3,2498,-7.5,-42.7,
Anderson, Nick,623433,2020,58,26,95.2,2222,-6.2,-11.4,84.3,2005,2,-37.6,
Phillips, Evan,623465,2020,69,20,94.5,2247,-8.2,-14,83.6,2429,15.8,-42,
Newberry, Jake,623470,2020,94,24,93.4,2403,-2.6,-15.2,83.3,2590,5,-40.6,
Herget, Jimmy,623474,2020,87,17,93.5,2345,-14.8,-20.8,81.7,2599,6.6,-39.5,
Castellani, Ryan,624418,2020,189,25,92.5,2349,-10.5,-19.4,82.3,2498,6.5,-43.4,
Hoyt, James,624586,2020,62,20,87.8,2341,-10.1,-18.9,80.5,2744,2.3,-41,
Gonzalez, Victor,624647,2020,80,23,95.1,2235,16.5,-20,84.4,2536,-3.1,-38.7,
Lopez, Reynaldo,625643,2020,121,24,94.2,2138,-7.2,-13.8,82.1,2075,4.2,-39.8,
Thorpe, Lewis,626929,2020,77,10,89.7,1958,7.2,-18.5,79.9,2152,-6.8,-44.5,
Maeda, Kenta,628317,2020,248,80,91.6,2269,-7.8,-17.1,82.5,2513,3.5,-35,
Iglesias, Raisel,628452,2020,91,31,96,2417,-9.2,-13.4,84.8,2613,10.1,-34.6,
Urias, Julio,628711,2020,224,45,94.2,2477,4.2,-13.4,81.9,2832,-13.9,-41.8,
Chirinos, Yonny,630023,2020,52,10,94.2,2301,-9.6,-13.7,88.1,2280,0.4,-27.9,
Finnegan, Kyle,640448,2020,107,27,96.2,2072,-4.8,-13.2,87.2,2038,5.1,-29.5,
Manaea, Sean,640455,2020,222,45,,,,,78.7,1993,-5.9,-43.8,
Alzolay, Adbert,640470,2020,87,29,94.4,2401,-8.6,-13.9,81.5,2893,11.5,-41.7,
Lopez, Pablo,641154,2020,240,59,93.9,2124,-6.6,-17.7,78.7,2442,14.7,-51.6,
Alexander, Tyler,641302,2020,152,34,90.5,2209,7.6,-18.6,82.6,2352,-5.2,-41,
Anderson, Shaun,641312,2020,67,18,94.4,2495,-1.8,-15.2,88.3,2727,5.8,-32.2,
Castano, Daniel,641447,2020,126,12,89.4,2244,3.7,-22.8,79.4,2450,-7.3,-43.5,
Dunning, Dane,641540,2020,142,35,91.8,2194,-6.2,-17.9,80.8,2118,3.7,-49.8,
Foster, Matt,641582,2020,109,31,93.8,2322,-7.8,-12.9,85.3,2284,3,-33.2,
Gott, Trevor,641627,2020,57,8,95.4,2316,-9.3,-15.6,84.3,2279,9.6,-44.2,
Hatch, Thomas,641672,2020,109,23,95.5,2598,-7.4,-14.2,88,2589,4.7,-30.2,
Hudson, Dakota,641712,2020,151,31,92.6,2114,-5,-22.2,85.3,2328,2.7,-36.5,
Jimenez, Joe,641729,2020,101,22,94.2,2465,-10.9,-14.5,83.9,2274,5.8,-37.7,
Kay, Anthony,641743,2020,98,22,93.6,2367,6.4,-15.7,77.9,2540,-10.6,-55.7,
Keller, Brad,641745,2020,215,35,92.8,2349,2.6,-18.4,84.6,2590,6.2,-43.5,
Kinley, Tyler,641755,2020,96,26,95.9,2343,-4.1,-13.5,89.4,2595,3.1,-30.6,
Kuhl, Chad,641771,2020,197,44,93.9,2040,-6.7,-15.2,85.6,2605,5.9,-38.6,
Lauer, Eric,641778,2020,61,12,91.5,2206,10.3,-16.2,79.8,2305,-3.8,-45.3,
Mahle, Tyler,641816,2020,201,60,93.9,2389,-12.4,-13.6,86.8,2634,3.7,-33,
Middleton, Keynan,641871,2020,53,11,97.1,2489,-8.5,-11.9,87.4,2372,2.6,-30.7,
Pagan, Emilio,641941,2020,87,23,94.5,2441,-5.5,-13.1,82.3,2510,4.3,-42.5,
Reed, Cody,642003,2020,55,12,94.8,2134,6.6,-19.6,87.4,2565,-6,-35.8,
Slegers, Aaron,642083,2020,101,19,91.1,1986,-6.5,-18.4,84.9,2095,2.4,-34.1,
Smith, Riley,642092,2020,70,18,,,,,82,2109,4.4,-45.1,
Sulser, Cole,642121,2020,100,19,93.8,2409,-10,-12.6,87.5,2367,3.4,-27.8,
Taylor, Blake,642130,2020,87,17,93.7,2281,-1.2,-14.9,85,2275,-6.6,-36.6,
Trivino, Lou,642152,2020,93,26,95.4,2048,-8.3,-15.4,78.3,2365,12.5,-52.6,
Widener, Taylor,642203,2020,88,22,94.5,2397,-6.8,-13.6,85.9,2352,5.6,-36.3,
Williams, Devin,642207,2020,100,53,96.4,2383,-10.2,-12.8,,,,,
Yarbrough, Ryan,642232,2020,234,44,,,,,70.9,2316,-17.6,-51.3,
Yardley, Eric,642233,2020,97,19,,,,,73,2838,15.9,-40.7,
Soto, Gregory,642397,2020,98,29,96.6,2384,4.5,-15.1,87.7,2396,-3.8,-31.8,
Loaisiga, Jonathan,642528,2020,100,22,96.9,2364,-5.8,-12.8,83.9,2720,10.3,-42.6,
Barria, Jaime,642545,2020,132,27,92.1,2302,-5.8,-16.5,83.9,2237,3.8,-33.9,
Hernandez, Jonathan,642546,2020,125,31,97.9,2104,-9.9,-13.4,89.1,2365,4.3,-30.1,
Peralta, Freddy,642547,2020,125,47,93,2416,-5.7,-15.3,79.6,2366,15.1,-44,
Kilome, Franklyn,642584,2020,58,13,93.6,2371,-4.8,-15.8,81.6,2195,2.6,-51.1,
Santana, Dennis,642701,2020,73,18,95.1,2447,-12.3,-16.3,84.3,2689,4.7,-40.1,
Guerra, Javy,642770,2020,67,12,96.7,2224,-4.9,-13.9,87.8,2522,5,-33.2,
Brault, Steven,643230,2020,178,38,92.3,2179,8.5,-16.9,82.1,2379,-7,-43,
Dunn, Justin,643290,2020,198,38,91.2,2240,-8.1,-15.8,80.8,2363,11.4,-41.4,
Fry, Paul,643316,2020,98,29,92.8,2281,5.8,-17.9,84.8,2802,-15,-43.1,
Godley, Zack,643327,2020,143,28,90,2160,-6.1,-22.1,82,2138,2.1,-47.5,
Green, Chad,643338,2020,100,32,95.5,2472,-5.5,-11.5,84.5,2528,3.7,-44.6,
Rogers, Tyler,643511,2020,123,27,82.4,1944,-2.3,-53.6,71.4,2278,12.9,-41.6,
Webb, Tyler,643778,2020,87,19,90,2154,1.9,-16.5,74.8,2255,-4.6,-55,
Alcantara, Sandy,645261,2020,172,39,96.9,2320,-9.5,-14,85.9,2401,3.6,-36.6,
Soroka, Mike,647336,2020,57,8,92.7,2281,-6.7,-18.6,81.3,2636,5.4,-44.7,
Garcia, Bryan,650530,2020,93,12,94.6,2172,-7.9,-15.2,87.3,2439,3.2,-33.1,
King, Michael,650633,2020,121,26,93.7,2373,-8.8,-14.9,80.9,2351,5.3,-44.1,
Civale, Aaron,650644,2020,312,69,91.3,2343,-4.6,-17,77.7,2799,10.7,-57.1,
Cabrera, Genesis,650893,2020,96,32,96.1,2282,8,-11.4,81.3,2464,-6.7,-52.3,
Castillo, Diego,650895,2020,89,23,96.1,1876,-9.5,-16.8,86.2,2224,3.8,-35.2,
Altavilla, Dan,656186,2020,89,24,97.3,2351,-9.3,-14.1,90,2608,0.9,-26.6,
Beeks, Jalen,656222,2020,81,26,93,2035,6.7,-13.9,,,,,
Bielak, Brandon,656232,2020,148,26,93.2,2327,-8.4,-15.3,81.7,2417,7.6,-47.7,
Canning, Griffin,656288,2020,238,56,92.8,2360,-8.5,-13.9,86.3,2593,-0.1,-39.2,
Cease, Dylan,656302,2020,255,44,97.5,2521,-4.4,-13,83.6,2772,7.1,-46.9,
Coonrod, Sam,656322,2020,71,15,98.4,2406,-11.2,-12.6,87.8,2697,7.5,-36.7,
Flaherty, Jack,656427,2020,170,49,94,2199,-5.8,-15.9,82.1,2369,8.5,-42.7,
Ginkel, Kevin,656464,2020,79,18,95.5,2387,-10.3,-13.7,84,2225,3.3,-39.8,
Hoffman, Jeff,656546,2020,104,20,94.4,2425,-9.9,-15.4,77.7,2541,9.3,-57.8,
Holder, Jonathan,656547,2020,101,14,92.1,2399,-3.3,-15.4,79.9,2780,8,-53.2,
Houck, Tanner,656557,2020,63,21,92.8,2066,-5.6,-23.9,82.2,2476,13.9,-40.7,
Keller, Mitch,656605,2020,87,16,93.9,2327,-7.1,-14.3,82.8,2507,5.9,-44.5,
Martin, Brett,656685,2020,61,8,93.9,2261,5.9,-14.8,86.3,2182,-1.4,-35.2,
Montgomery, Jordan,656756,2020,193,47,92.6,2301,6.8,-15.8,80.5,2280,-1.3,-45.2,
Nelson, Nick,656793,2020,90,18,96.3,2092,-7.7,-12.5,82.9,2663,10.6,-46.9,
Newcomb, Sean,656794,2020,70,10,93.4,2307,4.4,-14.6,77.9,2838,-10.1,-60.1,
Peterson, David,656849,2020,205,40,92.1,2098,11.4,-18.3,80.7,2178,-6.9,-44.3,
Rasmussen, Drew,656876,2020,71,21,97.6,2454,-6.4,-10.8,84.9,2721,4.1,-45.2,
Scott, Tanner,656945,2020,86,23,96.5,2657,4.1,-14.7,88.3,2778,-5.2,-36,
Sheffield, Justus,656954,2020,232,48,92.9,1891,8.1,-18,81.8,2503,-5.7,-42.1,
Smeltzer, Devin,656970,2020,72,15,87.5,2397,8.9,-19,75.9,2392,-8.8,-50.7,
Thompson, Ryan,657044,2020,114,23,92.8,2121,-15.5,-26.3,76.5,2158,17.2,-38.5,
Toussaint, Touki,657053,2020,120,30,94,2293,-7.7,-16.7,78.1,2469,11,-55.5,
Wright, Kyle,657140,2020,168,30,94.7,2425,-10.9,-16.8,86.1,2589,6.1,-35.5,
Yamamoto, Jordan,657141,2020,67,13,89.7,2319,-5.4,-18.9,76.5,2831,15,-56.8,
Merryweather, Julian,657240,2020,55,15,96.7,2324,-7.1,-12,83.4,2376,3.5,-48.5,
Webb, Logan,657277,2020,246,46,93,2118,-8.8,-19.2,81.5,2712,12.2,-42.4,
Ferguson, Caleb,657571,2020,75,27,95.5,2267,9.6,-13.3,,,,,
Hill, Cam,657611,2020,72,16,92.1,2301,-3.9,-14.8,82.2,2655,9.7,-45.2,
Hill, Tim,657612,2020,79,20,91.4,2235,18.3,-28.6,80.3,2031,0.5,-38.7,
James, Josh,657624,2020,83,21,96.3,2307,-8.1,-13.9,85,2596,8.7,-42.3,
Lamet, Dinelson,659275,2020,267,93,97,2495,-6.2,-12,86.5,2616,4.3,-34.4,
Paredes, Enoli,660600,2020,90,20,95.7,2396,-3.1,-13.5,84.9,2894,9.8,-36.9,
Ynoa, Huascar,660623,2020,100,17,94.8,2061,-9.4,-14.7,86,2297,1.1,-38.3,
Graterol, Brusdar,660813,2020,88,13,98.8,2017,-8.8,-13.7,89.1,2477,7.1,-29.1,
Alcala, Jorge,660896,2020,94,27,96.9,2400,-7.5,-12.1,88.6,2427,3.7,-30.8,
Lopez, Yoan,661255,2020,87,16,95.4,2092,-4.3,-14.6,85.7,2460,6.1,-38.4,
Rainey, Tanner,663432,2020,75,32,96.6,2457,-6.2,-11.8,87.1,2407,4.1,-38.3,
Bubic, Kris,663460,2020,222,49,91.4,2180,6,-16.3,78.5,2570,-10.1,-56.3,
Allard, Kolby,663465,2020,152,32,91.5,2171,8.7,-16.2,76.7,2031,-5.2,-56.8,
McKenzie, Triston,663474,2020,127,42,92.8,2336,-4.3,-11.7,83.5,2196,4.4,-39.1,
Mize, Casey,663554,2020,133,26,93.7,2245,-10.8,-16.4,80.8,2322,10,-49,
Woodford, Jake,663765,2020,85,16,92.7,2266,-5.2,-17.7,80.9,2435,6.8,-50.9,
Sandoval, Patrick,663776,2020,159,33,92.8,2021,5.1,-16.3,83.2,2584,-6.7,-39.9,
Pearson, Nate,663878,2020,81,16,96.3,2306,-6.3,-11.3,83.4,2607,7.3,-43,
Singer, Brady,663903,2020,263,61,93,2199,-8.2,-19.2,83.1,2389,4.8,-41.1,
Paddack, Chris,663978,2020,245,58,94.1,2170,-9.8,-14.7,76.9,2096,5.8,-62.6,
Lakins Sr., Travis,664042,2020,116,25,93.2,2227,-4.2,-16.3,80.6,2727,11.5,-54.3,
Eshelman, Thomas,664045,2020,143,16,86,1865,-0.3,-24.2,77.3,1818,7.8,-46.6,
Stashak, Cody,664054,2020,57,17,91.9,2234,-6.5,-13.3,82,2255,8.7,-35.2,
Gonsolin, Tony,664062,2020,176,46,95.1,2489,-9.4,-12.2,86,2735,4.1,-39.3,
Ponce, Cody,664074,2020,66,12,93.2,2516,-9.3,-15.6,78.3,2270,7.9,-55.6,
Fairbanks, Pete,664126,2020,117,39,97.4,2432,-0.3,-12,87.2,2380,2.9,-40.5,
Hartlieb, Geoff,664129,2020,101,19,93.1,2355,-10.6,-24.4,82.7,2238,11.9,-42.3,
Gibaut, Ian,664139,2020,59,14,95.2,2053,-5.7,-14,86.6,2275,6.9,-33.1,
Brubaker, JT,664141,2020,205,48,93.5,2256,-8,-16.7,85.5,2700,3.6,-38,
Hall, Matt,664180,2020,54,9,88,2309,1.7,-22.1,75.8,2477,-10.5,-64.7,
Clarke, Taylor,664199,2020,183,40,94.3,2336,-5.4,-12.6,84.5,2311,4.7,-39.3,
Maton III, Phil,664208,2020,96,32,93.5,2458,-0.5,-17.5,76.7,2943,17.9,-57.6,
Valdez, Framber,664285,2020,288,76,93.2,2306,2,-20.7,80.5,2982,-13.2,-56.2,
Javier, Cristian,664299,2020,214,54,92.2,2364,-7,-14.1,78.3,2626,12.5,-43.6,
Sanchez, Sixto,664350,2020,158,33,98.5,2164,-10.3,-14.8,85.8,2455,8.1,-38.1,
Urquidy, Jose,664353,2020,116,17,93.1,2216,-7.5,-12.1,78.1,2574,13.4,-51.3,
Newsome, Ljay,664714,2020,68,9,91.4,2078,-8.2,-16.6,77.1,1978,5,-47.9,
Helsley, Ryan,664854,2020,52,10,96.9,2534,-3.2,-13.4,80.5,2538,3.9,-54.4,
Misiewicz, Anthony,664948,2020,83,25,94,2328,8.6,-14.3,81.9,2828,-11.1,-44.3,
Kremer, Dean,665152,2020,83,22,92.8,2321,-9.2,-13.6,75.5,2351,9.3,-64.1,
Garcia, Deivi,665620,2020,146,33,91.9,2178,-8.3,-13.9,78.1,2631,6.8,-56.6,
Garcia, Rony,665621,2020,96,14,93.3,2276,-9.5,-20,85.6,2206,3.9,-33.3,
Anderson, Ian,666120,2020,138,41,94.1,2063,-4.6,-12.4,80.1,2098,1.6,-48.8,
Luzardo, Jesus,666200,2020,248,59,95.5,2439,14.6,-16.9,84,2533,-1.2,-39.3,
King, John,667463,2020,51,9,93.8,2094,15.9,-20.9,81.8,2498,-3.2,-46.1,
Dugger, Robert,667498,2020,56,4,92.1,2321,-9.2,-16.1,79.4,2457,6.9,-47.4,
Plesac, Zach,668676,2020,206,57,92.8,2086,-7.6,-14.7,84.5,2137,1.7,-35.5,
Gallen, Zac,668678,2020,291,82,93.2,2380,-3.6,-14,81.2,2432,6.3,-50.9,
Scrubb, Andre,668687,2020,102,24,,,,,79.1,2773,6.4,-63.9,
Wilson, Bryse,669060,2020,73,15,94.2,2177,-8.1,-16.2,86.1,2190,5.7,-30.4,
May, Dustin,669160,2020,224,44,99.1,2341,-10.4,-13.4,86.8,3090,10,-42,
Burnes, Corbin,669203,2020,240,88,96.1,2669,-2.8,-13.2,84.4,2932,9.1,-40.6,
Akin, Keegan,669211,2020,116,35,91.9,2389,11.1,-14.5,78.9,2489,-7.3,-49.7,
Skubal, Tarik,669373,2020,134,37,94.4,2422,11.1,-13.8,82.9,2268,-3.1,-42.4,
Rogers, Trevor,669432,2020,130,39,93.6,2426,13.5,-16.6,81,2021,-1.4,-38.6,
Bieber, Shane,669456,2020,297,122,94.1,2354,-9,-12.5,83.9,2413,6.7,-50,
Baragar, Caleb,670056,2020,88,19,93.8,2491,7.9,-12.1,82,2934,-10.4,-44,
Schreiber, John,670167,2020,70,14,89.8,2142,-2.5,-27.7,77.6,2441,15.3,-43.8,
Oviedo, Johan,670912,2020,112,16,94.8,2277,-3.6,-19.2,82.8,2523,7.9,-41.7,
Richards, Trevor,670950,2020,150,27,90.5,2155,-6.9,-14.2,82.6,2038,3.7,-38.9,
Morejon, Adrian,670970,2020,79,25,96.6,2404,10.5,-15.4,82.9,2663,-11.1,-44.3,
Ramirez, Yohan,670990,2020,94,26,95.6,2362,-9.1,-15.2,81.9,2417,17.7,-37.6,
Hernandez, Carlos,672578,2020,67,13,95.2,2289,-6.7,-13.8,83,2261,4.2,-46.7,
Patino, Luis,672715,2020,85,21,96.7,2468,-1.7,-12.1,84.6,2650,10.9,-37.2,
Hirano, Yoshihisa,673633,2020,63,11,89.9,2117,-9.8,-16,82.8,2519,-10.2,-41.8,
Karinchak, James,675916,2020,109,53,95.5,2396,-5.1,-9.5,83.2,2356,-2.4,-46.6,
Howard, Spencer,675921,2020,113,23,94,2345,-9.9,-13.1,82.1,2335,5.6,-43.9,
Heuer, Codi,676051,2020,92,25,97.8,2305,-11.3,-16.2,87.8,2114,3.7,-32.4,
Elledge, Seth,676220,2020,52,14,,,,,83.2,2457,3.3,-46.8,
Fleming, Josh,676596,2020,130,25,90.5,1952,10.9,-20.2,77.8,1802,-0.7,-48.6,
Zuber, Tyler,676604,2020,99,30,94.1,2243,-8.1,-16,83.3,2726,8.9,-42.6,
Margevicius, Nick,676606,2020,170,36,90,2126,4.4,-15.7,78.4,1919,-6.2,-47.7,
Dobnak, Randy,677976,2020,200,27,92.9,2052,-11,-24,83.4,2392,1.6,-39.2,
Gerber, Joey,680702,2020,62,6,93.1,2246,-10.5,-15.5,83.8,1993,4.6,-32.3,
Yamaguchi, Shun,685493,2020,120,26,90.8,2129,-10.9,-17.7,80.3,2329,5.9,-41,